batter_position,start_state,end_state,count
10,13,8,184
9,7,2,50
11,10,20,1651
9,2,6,129
5,3,1,7
1,3,11,2579
11,5,16,142
2,10,24,338
6,17,17,50
9,9,12,705
10,7,9,6
11,13,14,173
0,15,13,1
7,19,23,4606
1,19,25,127
8,9,13,3878
4,12,13,1329
10,14,16,11
2,20,21,3075
6,6,5,305
7,11,10,486
9,5,0,219
10,6,20,3
4,18,18,2510
5,6,18,8
3,2,16,143
1,6,3,9
5,11,17,129
9,13,25,72
5,1,12,172
9,4,1,641
11,19,18,334
11,5,13,640
9,10,10,1941
10,15,17,11
3,10,11,7330
7,7,5,153
9,15,23,2889
8,3,14,2319
10,14,13,234
8,9,16,69
4,12,16,2380
11,13,19,126
1,12,17,145
8,11,24,3037
9,21,23,1700
11,7,17,5
10,21,17,4
3,4,8,834
4,22,24,6559
7,12,8,343
11,23,17,8
0,19,22,2
11,20,24,3176
10,11,19,4139
7,3,7,2819
4,3,4,91
2,20,20,83
8,1,10,8955
3,22,19,7
0,13,21,1
9,5,5,363
5,10,13,2111
11,23,22,147
11,17,25,12
3,8,9,48005
3,3,2,293
7,18,19,8520
2,8,10,7796
11,4,4,3
10,19,16,387
1,7,10,1
1,14,25,10
6,12,18,81
11,12,10,141
6,6,0,35
0,23,18,5
10,21,22,145
8,6,6,30
11,7,22,63
5,13,9,6
1,2,1,144
1,0,4,268
5,7,8,4
10,15,22,165
5,15,14,444
10,11,14,343
4,5,10,305
5,11,22,1582
11,14,18,323
6,14,10,425
4,15,25,49
3,6,12,723
10,3,24,11
3,5,7,640
1,17,18,494
10,5,18,9
3,0,0,9707
5,5,20,78
4,21,25,90
11,11,8,218
9,12,20,4522
5,10,16,185
7,23,26,71
7,5,2,97
2,22,26,52
5,21,19,1944
2,9,17,30096
6,18,16,443
6,23,25,89
5,15,19,1022
6,17,22,1512
0,14,22,3
7,7,0,127
9,17,19,14891
9,22,19,11
1,2,8,12
8,13,17,2342
8,19,21,1415
6,4,9,25
8,7,19,18
10,3,9,28
6,22,22,11
10,20,17,922
1,7,11,63
0,20,16,2
9,8,9,50241
9,3,2,231
3,5,5,476
8,6,16,15
2,16,16,3306
11,2,5,335
5,2,10,7946
8,14,20,1014
1,22,18,115
2,1,4,281
7,1,9,27460
8,23,19,644
9,5,7,590
9,6,12,625
11,3,17,50
4,5,11,170
8,15,8,218
8,7,14,145
6,14,11,75
7,3,5,610
8,6,13,41
1,4,16,7
3,12,20,4424
9,0,0,8745
5,4,2,175
5,9,18,5486
2,15,21,885
10,9,20,91
5,13,24,1877
11,22,25,19
10,1,5,1055
2,15,15,1585
2,21,21,809
3,17,19,16065
1,18,24,12803
4,20,25,34
1,3,10,9
3,9,12,536
8,14,21,237
0,3,18,1
8,14,15,2703
3,7,2,67
3,2,6,116
4,17,24,44947
8,16,17,42896
8,11,9,9
7,7,7,692
4,7,4,30
11,2,0,49
3,5,0,225
2,14,8,116
7,0,2,13981
2,6,17,1
8,19,20,461
2,5,14,183
1,15,12,13
5,3,8,10
7,11,11,1803
3,13,25,81
11,5,6,60
2,13,16,9
2,11,18,148
5,22,23,2346
9,2,16,130
10,12,12,23
9,10,11,6235
3,15,23,2782
11,15,24,856
3,10,10,2012
1,5,4,10
2,10,9,2227
3,4,1,642
2,15,20,22
11,21,24,4468
7,13,12,112
10,1,0,715
3,21,23,1886
2,21,20,113
10,23,24,2755
8,2,12,4911
8,10,18,16382
9,4,8,792
7,3,0,503
6,5,12,18
5,16,24,105720
6,6,7,379
6,22,17,810
4,14,12,91
6,8,8,2810
8,13,22,225
2,13,13,634
6,22,16,118
0,23,24,107
3,7,0,144
5,9,9,36
2,15,8,245
2,7,14,195
1,14,12,20
11,2,2,162
11,7,6,80
2,6,13,41
11,20,18,149
7,0,0,8867
8,15,21,853
9,3,5,636
3,23,26,80
8,15,15,1455
3,5,2,110
8,21,21,701
7,6,12,610
7,5,7,591
4,5,4,48
6,12,24,202
2,19,21,1696
2,13,17,2292
10,6,1,83
2,7,19,26
9,1,9,28538
6,7,12,14
4,15,12,93
10,1,2,336
2,6,16,9
5,0,8,179885
8,16,16,3803
11,14,24,44
11,4,10,1
7,8,9,50569
1,7,4,6
7,3,2,238
3,18,19,10363
5,3,20,1470
10,3,18,67
1,17,24,27749
5,4,5,469
2,14,20,1042
10,5,24,4
8,1,4,653
3,3,7,2824
2,23,19,651
1,20,25,8
4,3,10,43
7,22,19,10
8,10,9,2460
8,15,20,28
4,18,24,27289
9,3,0,494
11,1,3,3225
7,4,8,800
8,21,20,191
3,12,8,312
10,9,8,956
2,2,12,4592
6,1,8,44
2,10,18,14875
4,4,16,30
9,13,12,139
1,5,11,97
11,9,14,538
7,10,11,6248
3,7,5,219
8,13,13,567
5,5,1,2
2,13,22,220
7,2,16,142
2,14,21,248
4,22,18,580
2,14,15,3131
9,11,11,1833
5,4,0,72
9,0,2,13532
2,16,17,37291
3,11,10,638
10,2,3,780
2,11,9,14
9,7,7,732
11,19,24,11335
3,19,23,4646
4,7,11,308
8,14,8,123
2,19,20,245
8,5,14,218
0,20,17,6
6,15,11,486
8,13,16,6
10,20,16,209
11,3,13,430
8,11,18,132
4,2,8,68
11,3,6,131
6,1,1,21
6,18,17,3653
2,3,14,2485
9,12,8,299
11,11,20,16
5,8,12,1174
10,14,22,962
5,5,8,6
6,6,2,142
2,9,16,66
5,14,14,76
2,11,24,4725
3,3,0,590
3,13,12,103
7,21,23,1638
1,21,25,42
5,10,17,498
9,7,5,146
7,15,23,2738
7,10,10,1933
4,17,18,1154
1,5,10,102
1,15,25,26
7,4,1,626
10,23,18,91
5,23,20,114
7,13,25,70
10,4,12,453
4,0,4,2403
8,10,24,357
6,3,12,21
5,6,9,21
5,16,18,7045
4,2,1,1051
10,16,20,156
0,15,22,2
5,14,19,82
7,5,0,184
3,0,2,13073
9,11,10,456
2,9,13,4239
3,11,11,1932
8,20,21,2428
4,7,10,12
0,11,19,5
10,13,15,492
4,14,25,23
6,15,10,92
11,15,18,23
9,19,23,4599
3,7,7,712
10,13,21,1215
10,19,17,14
10,7,18,6
11,21,18,126
5,7,20,305
7,9,12,682
0,19,16,3
1,3,4,14
7,7,2,46
7,2,6,115
5,11,13,1028
7,17,19,15047
9,7,0,128
11,18,25,29
1,22,24,3547
10,19,22,280
11,23,16,141
8,22,26,67
9,5,2,78
8,9,17,34059
4,12,17,302
11,14,9,235
3,3,5,756
9,23,26,78
11,7,16,1
7,12,20,4311
10,21,16,179
1,12,16,608
11,11,15,1969
10,5,9,443
0,14,13,1
11,11,21,1106
10,15,16,4
5,13,18,883
11,10,8,182
3,1,9,26432
5,9,24,10581
10,13,20,18
5,0,1,69745
2,1,10,8525
4,6,3,11
5,11,16,15
8,20,20,172
5,7,15,1293
5,19,19,2446
10,10,14,40
5,2,4,140
1,18,18,496
8,8,10,9203
5,7,21,19
11,7,13,187
4,19,25,266
2,6,6,26
9,18,19,8420
1,12,13,259
10,14,17,18
10,6,8,7
5,23,21,536
7,5,5,378
6,18,22,38
4,3,11,4207
10,15,13,145
9,3,7,2705
6,12,9,2036
11,5,17,9
6,17,16,972
11,6,14,527
6,1,4,537
7,7,22,96
4,11,13,843
10,17,21,1663
9,10,8,957
6,16,16,2034
8,7,12,9
9,6,14,1427
7,20,24,11492
9,5,17,17
11,3,7,860
5,12,17,305
2,4,9,21
11,18,19,2229
7,4,4,39
9,7,13,441
7,12,10,669
1,1,12,63
7,23,22,322
7,17,25,77
2,22,22,3
3,4,10,8
3,14,24,94
10,21,26,4
0,18,20,1
6,21,21,710
4,0,1,80580
5,6,3,43
4,11,16,20
4,13,18,773
4,9,24,9321
1,11,17,30
8,12,24,146
3,7,6,202
3,2,2,975
9,23,16,328
6,15,21,935
10,23,27,5
4,7,21,11
10,13,10,99
1,6,18,3
9,18,25,227
6,15,15,1476
4,7,15,1082
11,7,0,43
4,19,19,2108
4,2,4,172
0,23,23,23
4,23,21,544
9,11,15,4256
9,11,21,3035
7,14,18,901
5,19,25,285
11,23,26,40
1,3,1,3
9,14,9,606
8,22,16,190
11,5,2,13
2,14,11,46
3,20,18,847
7,11,8,886
9,7,16,2
5,3,11,5201
6,13,16,10
1,15,19,240
6,11,18,141
11,11,10,172
0,9,11,1
1,21,19,811
8,15,11,510
4,5,8,4
4,14,14,72
6,5,14,202
6,14,8,76
4,8,12,1659
5,4,6,2
7,5,16,584
3,3,13,1846
4,10,17,526
9,21,18,352
1,5,20,53
7,10,20,6227
1,10,16,41
7,15,9,4
9,15,18,63
1,11,22,3297
10,17,20,124
10,5,3,358
3,19,24,24536
5,17,18,1712
11,19,23,2208
7,13,14,495
2,8,8,4396
1,15,14,77
4,6,9,17
2,6,7,639
2,22,17,840
9,11,20,59
5,0,4,1657
7,23,17,13
2,5,12,20
11,12,8,57
6,13,13,496
3,1,3,12557
4,23,20,147
1,13,9,4
8,1,8,44
4,14,19,97
9,3,6,664
4,16,18,6552
5,2,1,1147
1,10,13,785
11,7,5,71
3,3,16,4
7,5,13,1534
7,19,18,843
0,18,21,1
5,14,25,21
5,7,10,10
6,21,20,169
3,9,14,2630
7,7,17,10
6,15,20,31
0,7,3,1
6,10,9,1917
7,13,19,302
4,7,20,244
5,18,24,27171
11,0,2,2411
11,11,11,794
1,13,24,617
8,15,10,87
1,9,18,13378
2,6,5,290
6,20,21,2464
7,5,6,273
5,4,16,15
3,21,18,466
1,4,2,28
9,3,13,1879
7,2,0,424
9,19,24,24497
11,7,7,457
6,10,24,359
3,15,18,59
2,17,17,80
8,3,12,17
9,1,3,13679
5,22,18,541
11,3,0,76
10,22,20,16
3,11,20,71
10,6,4,11
3,3,6,641
4,4,0,45
1,2,10,2673
8,6,2,178
9,9,14,2869
9,3,16,6
5,7,11,340
8,18,17,3897
7,15,24,1300
5,2,8,63
10,8,16,42519
11,13,12,31
8,1,1,20
7,21,24,10677
1,16,24,57079
8,17,16,1735
4,9,9,23
8,12,9,2198
7,2,5,1786
8,18,22,28
11,1,9,7498
3,10,8,1019
3,6,14,1382
3,5,17,40
2,6,0,70
2,12,18,68
10,11,12,70
6,8,10,9199
5,5,4,56
9,4,10,3
9,14,24,95
3,7,13,502
6,20,20,132
9,7,6,183
9,2,2,916
3,23,16,380
2,17,22,1328
7,22,25,62
2,23,25,84
1,22,23,291
10,2,9,83
10,13,11,746
2,18,16,696
6,9,17,29579
3,18,25,227
5,15,12,100
3,11,21,2892
4,4,5,507
4,3,20,971
6,22,26,67
3,11,15,4531
4,0,8,200834
7,3,17,195
10,22,21,89
2,14,10,393
5,3,10,60
2,7,25,1
9,20,18,807
11,3,5,120
3,14,9,652
10,3,3,298
9,21,24,10940
3,7,17,10
5,20,25,27
3,13,19,246
0,22,21,1
5,7,4,28
9,15,24,1282
1,0,8,81701
11,10,11,2136
3,19,18,1029
7,3,16,10
3,5,13,1648
1,4,5,83
5,17,24,49786
1,3,20,147
7,9,14,2639
6,9,16,48
4,3,8,7
2,6,2,176
2,18,17,3745
6,3,14,2770
10,1,16,2760
6,11,24,3885
0,13,11,4
4,22,23,2203
3,23,17,16
2,1,1,17
10,6,11,11
11,4,8,153
7,1,3,13362
9,2,0,478
7,19,24,24352
0,11,12,1
3,13,14,560
2,15,10,160
3,5,16,712
7,3,13,1860
8,6,5,324
3,10,20,6714
3,15,9,1
9,5,6,307
6,9,13,3329
11,2,16,30
1,9,9,13
5,14,12,60
2,3,12,33
8,17,17,66
4,16,24,100648
8,17,22,1744
8,23,25,59
11,0,0,1065
7,20,18,745
3,11,8,1088
9,3,17,175
8,18,16,837
11,6,12,126
0,8,16,4
11,5,7,245
3,14,18,884
4,2,10,7735
1,4,0,9
8,14,10,417
8,7,25,1
7,7,6,173
10,10,12,67
9,22,25,52
7,2,2,898
3,4,4,25
5,5,11,207
3,12,10,663
2,17,16,1700
3,23,22,266
1,5,1,1
2,12,9,2006
11,3,2,51
3,17,25,73
11,8,9,11124
7,4,10,7
7,14,24,110
4,4,2,237
6,6,6,32
11,22,19,7
2,18,22,8
3,20,24,12129
8,12,18,99
4,9,18,5716
8,6,0,74
4,13,24,1532
9,2,5,1770
3,7,22,105
10,9,10,454
1,6,24,1
6,1,10,12685
11,12,20,1386
9,11,8,945
7,7,16,2
1,7,20,96
2,12,24,146
5,3,4,108
10,18,21,418
7,14,9,606
7,11,21,2950
9,14,18,937
7,11,15,4222
10,7,3,89
4,10,13,2473
3,3,17,170
6,6,13,45
1,14,19,46
1,16,18,1525
7,18,25,220
11,17,19,4441
4,13,9,3
7,23,16,347
3,22,25,38
1,23,20,35
2,22,16,167
4,7,8,2
8,14,11,64
1,6,9,4
4,15,14,378
6,7,14,171
10,11,25,1
6,15,8,142
9,17,25,70
9,23,22,367
11,5,5,94
7,7,13,423
9,12,10,688
5,15,25,43
5,5,10,316
6,23,19,787
4,11,22,1592
9,4,4,43
7,6,14,1411
9,20,24,11234
4,10,16,149
7,5,17,28
0,17,20,1
6,14,20,1001
1,10,17,250
4,5,20,76
5,21,25,95
1,14,14,18
1,8,12,208
2,7,12,11
6,6,16,8
4,21,19,1865
7,10,8,918
8,4,9,24
10,9,11,5447
10,19,26,7
9,7,22,111
6,19,21,1311
6,13,17,2081
4,15,19,885
8,22,22,10
3,2,5,1609
6,7,19,35
8,8,8,4510
9,13,19,272
8,6,7,528
8,22,17,922
8,5,12,16
3,21,24,11199
6,13,22,277
9,7,17,16
4,3,1,4
11,21,23,750
2,1,8,30
5,12,13,1851
6,2,12,6172
9,19,18,863
9,5,13,1680
11,4,1,135
10,1,6,712
11,15,23,2397
1,23,21,250
3,15,24,1407
11,10,10,428
6,10,18,15015
5,18,18,2584
10,18,20,55
4,6,18,19
1,2,4,17
7,3,6,615
1,19,19,918
1,7,15,746
1,7,21,5
1,9,24,2905
4,11,17,127
1,13,18,453
10,6,10,157
7,11,20,58
9,23,17,10
10,23,23,512
1,11,16,4
1,0,1,18429
9,13,14,553
3,2,0,548
7,15,18,69
4,1,12,204
9,15,9,4
11,2,6,18
11,7,2,27
9,10,20,6296
7,21,18,333
11,9,12,118
2,15,11,582
5,12,16,2677
6,19,20,372
9,5,16,617
6,16,17,38165
5,22,24,6258
11,13,25,14
3,5,6,304
6,11,9,6
6,14,21,281
0,17,21,3
1,11,13,240
6,14,15,2065
11,5,0,39
1,1,5,377
7,11,24,3656
7,9,16,74
1,9,20,58
7,3,14,1992
8,7,5,124
3,13,13,883
6,1,3,13345
10,18,24,10126
3,15,20,25
2,4,1,627
11,1,8,7
3,10,9,2882
2,10,10,1594
2,15,23,3124
4,9,8,968
8,12,8,210
6,3,16,2
6,9,14,2249
3,21,20,142
2,21,23,1573
10,4,16,3
9,20,21,3065
7,9,13,4501
3,14,8,199
3,5,14,240
4,2,3,2220
8,19,23,4414
2,5,0,133
5,6,4,31
3,11,18,152
10,22,18,165
3,13,16,14
5,22,20,69
2,13,25,60
2,7,2,64
6,19,24,23972
1,3,9,12
2,2,6,70
1,20,17,823
4,20,16,184
9,10,24,368
10,2,8,31
5,8,16,133009
2,9,12,380
11,15,11,324
6,3,13,1270
10,7,11,136
8,11,10,307
3,15,15,1468
11,22,16,51
8,5,2,62
9,9,17,35346
8,23,26,106
1,23,24,6343
3,15,21,1034
6,2,2,793
6,7,6,148
2,17,19,13843
3,21,21,1021
6,20,18,635
8,7,0,73
10,5,4,9
5,11,12,233
2,12,20,3920
1,1,0,56
1,7,24,2
11,12,24,32
9,22,26,53
8,18,19,7097
10,15,12,26
4,1,2,887
5,13,11,1948
5,2,9,298
3,16,16,5129
11,7,12,5
4,6,1,190
1,12,12,13
7,1,10,7311
3,1,4,405
8,3,7,2554
4,5,24,2
6,4,10,7
0,17,24,57
6,14,24,139
9,20,20,126
10,3,10,15
2,5,5,296
5,22,21,299
9,8,10,9044
4,3,18,152
7,6,6,28
4,19,22,1047
9,15,21,984
8,3,5,461
7,6,13,40
5,17,21,3694
6,18,25,210
9,15,15,1487
3,9,17,33447
9,21,21,838
7,15,8,278
7,7,14,204
6,23,16,161
0,22,24,26
2,5,7,483
1,15,17,33
4,5,9,948
6,14,9,495
2,6,12,501
4,15,16,5
6,11,15,3675
3,22,26,49
10,12,17,91
1,21,17,6
4,21,16,216
6,11,21,2689
1,14,13,324
2,0,0,6403
7,6,16,12
9,16,16,4953
4,10,14,176
5,13,10,173
6,10,8,394
1,6,20,4
5,23,27,8
5,15,26,3
9,1,4,557
7,7,19,26
4,13,20,38
10,6,3,8
0,18,18,2
7,19,21,1806
7,13,17,2623
5,21,26,24
2,22,19,10
6,7,13,391
10,3,11,1984
7,23,19,619
4,15,13,260
3,20,20,108
8,1,9,28088
1,13,8,16
0,12,13,1
11,18,22,1
10,19,25,96
7,14,20,1158
1,14,16,18
3,8,10,8713
1,7,9,4
2,3,2,202
4,14,17,57
4,6,8,12
2,8,9,44896
11,12,9,577
6,5,17,37
6,6,14,1181
11,17,16,405
4,14,22,2503
2,4,8,674
6,3,6,488
11,1,1,6
8,13,12,101
11,18,17,1096
6,11,20,49
11,6,2,56
9,13,13,675
7,13,22,238
2,10,11,4718
1,3,24,8
5,17,20,620
5,5,3,938
10,17,18,667
9,10,9,2738
1,11,14,161
9,15,20,25
8,3,0,322
7,10,18,16183
7,2,12,4622
9,21,20,186
1,5,18,6
8,7,7,587
10,2,1,426
4,16,20,1012
7,11,9,9
9,14,8,187
9,6,17,1
11,3,12,5
1,21,22,53
9,5,14,212
7,16,17,43636
3,20,21,3779
5,12,14,4
7,14,15,3132
4,23,18,242
4,4,12,1774
9,13,16,12
10,0,4,329
7,14,21,212
9,11,18,144
2,2,16,145
1,15,22,298
4,7,18,9
11,15,10,86
3,10,24,385
6,15,18,62
1,11,19,4599
1,19,16,97
10,7,10,4
6,21,18,239
8,11,11,1601
8,0,2,15383
4,13,15,837
7,19,20,386
10,14,25,7
4,13,21,2106
4,19,17,29
6,20,24,10245
1,13,21,1479
1,19,17,29
5,7,3,238
4,19,16,470
3,6,6,29
1,13,15,229
9,14,20,1171
4,11,19,8988
6,23,22,397
5,18,21,1348
6,17,25,57
10,3,4,28
9,23,19,647
6,4,4,50
1,7,18,1
11,6,0,13
11,12,18,20
6,12,10,471
5,11,25,5
8,22,19,7
6,7,22,99
9,19,21,1679
9,13,17,2622
4,15,22,462
3,1,10,6416
7,1,4,560
9,7,19,29
2,1,9,24011
1,23,18,116
1,4,12,976
4,21,22,361
1,16,20,161
8,8,9,52961
8,3,2,157
9,6,16,10
7,16,16,4620
4,5,18,12
11,7,25,2
10,21,25,29
0,17,18,2
6,14,18,903
11,14,10,160
2,3,5,475
4,11,14,938
10,5,10,151
6,11,8,342
10,15,25,13
4,3,24,21
8,5,7,462
11,18,16,191
8,6,12,487
9,15,8,275
9,7,14,180
5,9,11,15911
5,19,26,38
7,21,21,778
11,23,25,36
7,15,15,1564
11,17,22,365
9,6,13,40
7,15,21,999
8,0,0,7387
1,14,22,2012
1,14,17,25
1,6,8,3
6,10,20,5333
2,7,7,660
4,7,9,6
6,15,9,1
5,1,6,2183
6,5,16,483
9,19,20,400
11,17,17,23
10,12,13,727
4,14,16,49
4,13,8,148
0,19,25,2
6,13,14,401
8,2,16,150
1,15,13,148
5,23,23,1527
11,6,5,103
9,14,21,207
7,11,18,144
7,13,16,13
1,13,20,16
9,14,15,3156
5,6,10,405
3,9,13,5398
2,11,11,1799
7,14,8,155
2,0,2,11335
9,16,17,43345
7,5,14,229
1,10,14,19
9,11,9,11
10,18,18,811
4,6,20,11
5,18,20,273
1,21,16,35
6,19,18,647
6,5,13,1182
9,2,12,4828
4,14,13,710
7,21,20,187
10,12,16,1018
9,10,18,16515
8,4,8,786
2,13,12,79
4,21,17,8
7,15,20,26
1,15,16,2
7,10,9,2650
6,13,19,382
1,5,9,149
4,15,17,50
9,13,22,248
6,7,17,8
7,13,13,709
8,10,11,5369
6,23,17,4
2,3,0,319
3,11,24,4218
3,9,16,62
1,19,22,242
10,22,24,2166
3,3,14,1927
1,3,18,142
10,17,24,18507
3,19,20,323
8,5,0,120
2,19,23,4292
10,7,4,6
10,20,25,16
7,10,24,376
5,3,3,817
6,2,0,133
8,13,25,58
3,14,15,3765
8,7,2,39
8,2,6,111
5,6,11,37
1,6,1,62
3,14,21,156
8,9,12,754
4,12,12,116
1,1,2,82
3,11,9,14
6,5,6,185
3,16,17,43640
5,1,16,8301
2,11,10,523
9,9,13,4462
7,20,21,2934
4,1,0,917
6,15,24,1396
3,10,18,15755
3,2,12,4912
6,21,24,9988
3,13,22,241
2,7,5,156
8,4,1,621
10,14,12,16
8,10,10,1961
8,15,23,2737
11,5,12,5
2,12,8,199
9,3,14,2012
4,23,24,8182
11,6,7,257
11,22,17,323
9,9,16,77
11,8,8,797
9,11,24,3773
8,21,23,1373
9,6,6,36
3,14,20,1336
7,8,10,9023
2,18,19,8718
11,4,9,4
11,22,22,1
1,20,16,20
3,23,19,598
7,20,20,135
4,3,9,28
2,3,7,2128
4,20,17,2673
5,10,12,268
6,2,5,2301
3,7,19,29
9,1,10,7122
3,19,21,1921
3,13,17,2818
8,5,5,282
3,6,16,12
1,2,3,240
2,5,2,98
7,22,26,60
2,23,26,99
6,3,17,167
1,9,8,80
11,14,11,27
10,5,11,44
8,17,19,13902
5,9,10,1228
3,15,8,337
3,7,14,241
6,22,25,74
2,7,0,106
8,12,20,4438
4,9,20,177
4,1,5,3720
3,6,13,31
0,18,24,43
7,9,17,34438
2,11,15,3881
6,0,0,4202
2,11,21,2409
5,20,17,2613
2,14,9,560
6,6,12,417
5,3,9,50
7,12,24,154
6,5,7,332
9,14,11,58
1,8,16,69365
3,14,10,439
2,7,16,4
8,11,8,607
1,6,4,4
3,23,25,36
7,22,16,221
1,22,20,22
2,23,16,296
3,17,22,1649
4,10,12,305
8,14,18,846
10,2,10,2798
2,18,25,211
3,18,16,1305
10,4,2,50
3,12,18,77
3,6,0,110
2,6,14,1394
2,5,17,36
6,8,9,54023
6,3,2,133
9,4,9,26
8,7,22,72
2,7,13,370
11,6,6,6
6,22,19,8
9,22,22,4
8,17,25,64
8,23,22,382
4,9,10,938
8,12,10,534
8,4,4,58
2,10,8,562
5,1,5,3245
8,20,24,10545
10,9,18,1839
10,13,24,811
7,7,12,16
5,9,20,205
11,1,10,2234
1,22,21,127
7,1,8,48
4,3,3,573
6,10,11,3849
8,23,17,15
0,0,8,1
11,9,16,4
8,13,19,315
9,8,8,5677
5,12,12,100
9,6,7,720
9,22,17,917
2,11,20,60
11,3,14,707
10,22,23,958
9,5,12,22
8,7,17,10
4,6,11,22
11,11,24,1534
10,3,8,3
8,19,18,667
8,5,13,1360
4,1,16,8367
2,3,6,446
1,2,9,460
1,13,11,561
6,4,8,836
7,15,11,566
2,21,18,383
1,11,12,32
5,7,24,4
5,1,0,1553
2,15,18,56
3,17,17,102
8,13,14,418
6,2,16,158
11,9,13,983
10,16,24,36174
8,15,9,4
8,10,20,6463
5,23,24,8681
8,5,16,431
3,6,5,334
5,14,16,46
2,9,14,2103
2,3,16,3
4,1,6,2279
11,13,22,102
6,21,23,1251
5,7,9,10
11,2,12,909
6,4,1,693
0,23,21,2
6,15,23,2730
5,13,8,310
6,10,10,1607
11,10,18,5498
10,11,17,35
2,1,3,11266
4,6,10,360
7,1,1,16
8,21,24,9994
1,21,26,4
3,5,12,20
3,8,8,5963
0,19,19,11
4,23,23,1508
3,22,17,832
3,6,7,865
5,6,20,11
8,15,24,1091
10,6,18,4
1,13,10,40
4,18,20,368
0,13,18,2
7,18,17,4262
7,6,2,198
1,23,27,1
8,5,6,250
5,21,17,14
5,14,13,687
7,15,10,121
2,3,13,1217
6,2,6,107
5,15,17,62
6,7,2,44
2,19,24,25950
6,9,12,603
11,19,20,95
9,17,17,66
10,1,12,49
11,16,17,8335
7,3,12,20
8,2,0,332
6,13,25,67
11,11,9,5
11,14,21,88
9,6,5,320
1,17,21,1018
11,14,15,1417
6,5,0,67
0,11,13,1
6,12,20,3781
5,19,16,870
4,7,3,206
10,10,13,686
9,14,10,438
3,14,11,40
2,20,18,713
4,18,21,1565
8,22,25,59
5,11,19,10445
2,7,6,154
11,6,13,10
2,2,2,830
9,17,22,1805
9,23,25,57
10,7,8,3
5,15,22,484
6,17,19,13625
10,15,14,145
4,11,25,7
0,16,18,3
8,3,17,137
9,18,16,1126
1,12,14,1
10,13,9,5
11,7,14,106
5,21,22,425
11,15,8,127
0,23,20,4
7,18,22,22
6,5,5,208
10,10,16,53
9,12,18,84
9,6,0,99
5,5,18,29
10,5,20,20
11,23,19,341
3,22,22,5
1,5,3,206
8,2,5,1966
1,17,20,128
2,14,24,122
2,4,10,4
7,17,16,2284
5,3,24,40
7,12,9,2269
11,14,20,437
5,11,14,1097
3,4,9,24
10,11,22,678
4,9,11,14791
4,19,26,30
10,15,19,320
11,6,16,1
11,19,21,709
11,13,17,903
10,21,19,645
11,7,19,12
2,5,6,209
11,13,16,2
5,14,22,2528
0,15,19,2
10,14,14,15
11,11,18,62
6,11,10,276
8,3,13,1683
10,8,12,222
7,6,5,317
8,19,24,23584
1,19,26,9
1,9,11,3186
11,5,14,74
9,3,12,32
0,21,19,5
11,14,8,61
7,17,17,78
4,17,20,605
2,2,0,302
4,5,3,753
9,15,10,115
10,10,17,124
3,15,11,624
6,19,23,4004
0,11,22,1
9,6,2,226
4,12,14,2
8,9,14,2739
8,3,16,9
9,18,17,4127
6,12,8,113
10,14,19,29
0,15,14,2
11,13,13,246
10,16,18,2403
5,16,20,850
10,6,9,4
1,11,25,5
9,1,1,14
5,4,12,1605
5,23,18,302
10,23,20,27
1,18,21,441
8,1,3,13702
6,7,5,91
2,21,24,11180
11,21,20,28
5,7,18,10
10,7,20,138
1,7,3,55
5,19,17,35
5,13,21,2852
2,15,24,1773
5,13,15,1158
11,15,20,20
11,10,9,649
3,1,8,42
4,17,21,3274
11,1,4,65
3,7,12,15
5,19,22,991
8,4,10,7
2,2,5,1602
8,14,24,160
11,16,16,558
10,11,13,503
5,15,16,7
9,17,16,2375
9,12,9,2395
6,3,7,2345
5,5,9,1219
6,18,19,6564
7,12,18,79
7,6,0,95
5,21,16,379
9,18,22,18
4,23,27,18
11,21,21,298
10,7,21,2
1,18,20,56
4,13,10,140
10,19,19,746
10,7,15,493
5,10,14,130
10,2,4,39
7,18,16,1014
11,15,21,579
4,21,26,9
10,11,16,9
10,0,1,22927
1,23,23,679
8,20,18,733
1,6,10,63
10,13,18,326
11,15,15,1149
7,23,25,56
3,22,16,214
5,13,20,59
10,9,24,3701
6,7,0,62
7,17,22,1702
2,22,25,54
8,7,6,154
8,2,2,822
3,12,24,141
5,15,13,335
7,14,10,436
2,3,17,177
6,23,26,98
1,1,6,148
10,23,21,239
6,5,2,57
5,6,8,28
5,14,17,62
9,7,12,15
8,6,14,1277
8,5,17,28
0,16,24,35
8,7,13,370
2,7,22,120
10,9,9,8
6,1,9,26391
2,17,25,74
7,22,22,7
3,17,16,2933
2,23,22,311
3,12,9,2476
2,12,10,521
7,4,9,28
11,8,10,1631
2,4,4,23
8,10,8,762
2,20,24,10575
3,18,22,18
4,11,12,255
11,20,20,27
4,2,9,368
4,13,11,1713
5,1,2,883
0,22,23,13
8,11,15,3879
1,1,16,1829
8,11,21,2987
1,6,11,5
8,14,9,557
11,9,17,11204
9,22,16,222
8,7,16,1
5,6,1,234
2,11,8,678
7,14,11,64
11,22,26,18
9,12,24,158
1,3,3,103
8,23,16,266
5,5,24,2
2,14,18,854
10,4,5,137
10,3,20,602
5,3,18,207
8,18,25,226
6,3,5,312
10,0,8,62529
4,22,21,406
6,0,2,12693
8,21,18,250
6,11,11,1586
8,15,18,47
3,3,12,32
1,9,10,166
11,20,21,864
0,9,18,1
0,13,24,1
10,5,1,1
2,13,14,393
2,15,9,1
6,7,7,626
2,10,20,5126
9,15,11,534
5,9,8,1989
3,15,10,184
11,10,24,92
2,5,16,623
5,2,3,2072
6,3,0,152
10,4,0,28
3,18,17,4629
3,6,2,223
3,1,1,16
1,10,12,45
4,22,20,92
7,5,12,18
2,23,17,17
7,8,8,5381
7,22,17,865
4,6,4,30
7,6,7,660
2,13,19,275
5,20,16,363
8,11,20,54
4,8,16,151365
2,7,17,15
9,1,8,47
2,19,18,903
2,5,13,1351
6,13,12,106
8,3,6,541
11,9,8,445
9,8,16,129527
5,10,24,355
1,14,11,16
8,6,9,15
8,23,20,145
7,3,3,822
2,3,1,10
10,9,14,803
4,1,8,55
8,16,18,7328
6,4,16,27
8,14,19,97
2,6,18,14
3,12,14,3
5,20,21,2969
7,1,16,7551
9,22,20,78
7,6,11,25
10,1,3,4424
2,11,17,160
8,7,20,203
9,6,4,46
6,18,24,26705
1,22,22,2
10,19,24,8684
3,5,3,1019
3,17,20,618
2,1,12,164
6,2,8,66
1,4,9,6
11,20,16,64
6,7,11,285
8,8,12,1974
10,3,13,623
8,14,14,68
4,15,11,527
8,5,8,7
8,10,17,472
11,2,3,454
6,22,18,547
10,20,18,258
5,20,20,101
8,0,1,86158
8,11,16,25
0,15,24,2
6,5,4,52
8,9,24,8874
4,12,24,177
8,13,18,776
0,21,24,53
8,7,21,12
5,8,10,9160
8,2,4,179
9,22,21,294
2,10,13,1853
8,7,15,1196
8,19,19,2107
8,23,21,532
3,13,10,262
9,2,9,246
9,13,11,1894
3,15,26,4
2,13,9,7
3,23,27,13
4,22,16,145
10,2,2,324
7,10,12,345
10,7,6,70
3,21,26,14
1,5,12,3
2,15,14,376
1,8,8,447
2,7,8,6
1,6,7,86
1,22,17,313
10,14,24,42
2,11,22,1797
8,11,13,941
6,3,10,45
11,3,18,44
2,10,16,158
5,22,26,53
2,5,20,91
9,11,12,315
4,7,12,12
11,6,1,77
6,15,12,101
5,9,17,32642
2,21,19,1868
3,17,21,5143
7,9,10,1247
11,1,2,153
2,15,19,992
7,18,21,1322
0,19,18,2
10,14,9,216
10,7,16,1
11,21,16,89
10,11,15,1526
7,7,3,249
11,5,9,330
6,12,17,315
3,22,21,218
10,11,21,1032
11,15,16,4
9,15,26,4
9,23,27,9
8,3,20,1084
2,2,10,7324
8,4,5,468
5,16,16,3907
3,2,9,205
3,13,11,1953
8,0,8,213966
10,18,25,93
9,13,10,183
11,19,22,294
9,21,26,23
7,11,25,3
10,23,16,135
5,1,4,429
0,10,20,1
1,17,17,35
6,3,11,4355
10,7,13,142
11,14,17,11
11,6,8,3
8,9,9,26
4,12,9,2115
4,17,16,1018
6,19,25,278
11,15,13,230
2,4,2,149
3,11,12,221
10,5,17,9
4,18,22,36
10,6,14,545
5,15,15,1613
10,10,8,379
11,13,20,17
9,17,21,4135
5,15,21,1006
2,13,24,1970
1,6,5,104
2,9,18,5577
11,10,14,27
5,21,21,809
6,6,3,31
7,19,26,41
7,9,11,16483
6,17,18,1181
0,14,18,3
1,14,10,103
3,8,16,123116
7,1,6,2363
8,4,0,63
4,18,17,3882
5,5,14,190
6,4,6,1
5,6,17,1
5,14,8,132
2,3,8,7
4,6,2,162
9,12,14,3
7,18,20,409
10,3,6,201
1,18,16,78
5,11,18,136
2,22,23,3067
10,11,20,13
11,14,22,1395
3,6,4,34
7,23,23,1427
7,6,10,376
1,23,25,46
3,22,20,48
5,13,16,15
1,17,22,245
4,1,1,16
5,10,9,2424
0,20,24,20
11,13,15,606
5,15,20,25
10,15,18,14
8,6,24,1
9,5,3,968
9,17,20,756
11,13,21,1437
11,19,17,18
6,7,10,12
5,21,20,150
11,7,18,4
10,21,18,148
0,23,22,5
1,12,18,7
1,6,0,4
6,14,25,17
4,15,10,99
11,23,18,128
6,2,1,958
11,4,12,422
11,16,20,136
5,13,13,609
8,5,1,1
6,0,4,2313
2,16,24,101445
4,3,12,16
5,7,14,180
11,21,22,124
1,3,12,9
5,15,8,270
3,9,10,1438
10,7,22,38
9,19,26,29
9,9,11,16581
2,9,9,36
8,4,2,165
11,15,22,313
7,17,21,4243
5,6,13,30
10,20,24,4368
11,11,19,5483
8,13,24,1383
1,15,10,48
4,12,18,80
8,9,18,5604
4,6,0,43
10,23,22,100
10,17,25,26
6,3,4,101
10,4,4,5
11,19,16,274
10,12,10,212
4,23,25,84
5,7,19,28
4,17,22,1570
3,10,12,254
1,1,1,6
7,21,26,23
5,13,17,2629
5,19,21,1636
9,11,25,9
7,13,10,177
4,18,16,494
5,6,16,16
1,18,17,1248
7,15,26,3
1,6,2,37
7,23,27,10
11,11,14,371
6,21,25,90
2,3,20,1432
2,4,5,373
5,14,20,1082
8,2,10,7409
10,14,18,337
11,3,24,6
2,0,8,170181
9,7,3,266
11,5,18,10
6,5,10,270
5,23,19,701
10,11,8,333
4,14,10,430
6,15,25,45
9,18,21,1343
2,6,24,2
11,6,20,5
4,6,5,312
6,18,18,2357
11,13,8,92
10,10,20,2150
5,10,18,16110
1,18,22,4
10,15,9,1
10,5,16,227
6,12,13,1212
5,2,12,5059
7,5,3,918
7,17,20,777
11,7,9,13
1,17,16,183
10,13,14,173
1,12,9,645
2,5,1,4
5,13,22,236
8,16,24,107378
4,17,17,38
11,14,16,11
3,6,11,23
9,6,10,415
5,14,15,2950
9,23,23,1493
10,23,17,5
5,14,21,221
5,11,9,7
9,18,20,385
0,23,16,3
7,12,14,9
6,22,24,6291
3,1,16,8042
5,16,17,41457
2,4,0,57
5,19,20,357
10,5,13,586
10,19,18,316
8,3,8,8
0,14,9,1
6,12,16,2282
11,15,17,25
9,1,6,2406
8,22,23,2314
0,11,15,2
11,14,13,252
10,13,19,83
0,11,21,4
3,3,3,926
10,7,17,5
11,21,17,9
8,1,12,195
5,11,24,4335
10,5,6,96
2,8,12,716
5,3,14,2195
1,7,12,3
2,14,14,49
5,9,16,63
2,5,8,6
11,12,12,16
2,10,17,406
6,17,24,46552
6,7,4,36
6,20,25,36
10,2,0,181
4,5,12,17
11,23,24,4728
3,23,23,1457
4,6,7,413
4,22,17,897
7,6,4,38
6,14,12,77
2,6,9,16
4,8,8,3192
2,23,20,115
3,6,10,409
1,22,16,15
7,22,20,87
8,3,1,2
9,6,11,32
9,1,16,7748
5,9,13,3940
3,18,20,232
2,16,18,6109
2,14,19,98
0,20,18,1
3,1,6,2277
8,6,18,14
10,15,24,490
10,21,24,4086
11,1,0,254
11,7,24,1
1,12,24,95
8,11,17,100
9,3,3,929
2,7,20,366
7,8,16,128117
10,2,5,555
3,19,26,34
2,11,13,1191
8,11,22,1749
3,9,11,16361
9,9,10,1187
8,10,16,186
8,5,20,69
0,19,24,87
1,15,11,143
7,11,12,248
11,3,9,9
8,21,19,1798
11,20,17,673
4,4,9,27
4,22,22,5
8,15,19,827
2,0,1,61229
5,1,10,8377
2,11,16,23
3,11,25,6
11,9,20,36
10,22,25,9
9,10,12,339
11,1,5,625
2,9,24,11017
2,13,18,936
2,7,21,11
2,2,4,89
2,7,15,1416
8,10,13,2515
7,2,9,233
2,19,19,2274
7,13,11,1911
3,7,3,250
2,23,21,601
7,22,21,325
10,3,17,62
5,6,6,35
8,13,9,7
1,1,8,7
3,18,21,1031
6,5,11,192
8,15,14,411
4,14,11,68
8,7,8,2
8,15,25,45
8,5,10,314
9,9,20,246
6,2,10,7215
8,21,25,82
11,10,12,68
9,1,5,3353
2,12,17,364
10,0,0,3257
3,5,18,26
3,3,24,25
10,6,12,257
10,5,7,222
5,22,22,7
5,4,9,29
3,11,14,1112
8,3,4,137
7,6,1,264
3,15,22,556
4,1,10,12532
2,6,3,26
7,1,2,781
11,9,10,272
6,9,18,5771
3,21,22,376
6,13,24,1525
1,20,21,375
7,3,18,194
3,19,16,1114
6,4,2,165
2,19,25,298
4,6,6,35
10,3,2,87
10,8,9,15833
5,14,11,62
2,3,11,4895
10,22,19,7
1,10,24,123
7,5,24,2
3,11,19,11150
9,20,17,2701
9,3,9,54
6,22,23,2240
11,1,16,1690
4,9,16,48
8,12,16,2536
6,3,8,7
9,23,24,7900
2,4,6,1
4,3,14,2672
11,6,11,3
10,4,8,265
4,11,24,3716
1,9,17,11717
11,3,3,233
1,22,26,14
9,1,0,1940
9,7,24,8
3,21,17,24
7,9,8,2398
8,22,24,6660
3,14,13,539
2,17,18,1721
3,15,17,60
10,10,11,2356
5,6,7,624
5,22,17,905
9,12,12,134
5,8,8,4936
10,2,16,50
5,5,12,20
6,16,24,101170
2,0,4,1030
7,2,3,2102
2,2,1,1043
3,6,20,15
4,9,13,3483
8,12,13,1630
2,14,25,18
1,8,10,1897
3,14,16,53
2,7,10,16
3,7,9,23
8,18,18,2457
7,20,16,407
1,20,20,24
3,13,8,475
6,11,17,122
11,18,20,67
2,18,24,25335
1,21,21,253
1,15,15,592
6,6,18,15
11,6,10,137
5,6,5,337
3,23,24,7732
1,15,21,274
11,23,23,958
7,14,22,2595
4,2,12,6585
9,14,13,566
3,1,0,2189
3,7,24,2
9,21,17,18
2,4,16,36
10,21,23,710
4,10,18,14982
8,14,12,95
0,23,26,2
10,4,1,175
5,17,17,63
11,1,6,404
10,15,23,1045
4,13,22,250
6,3,1,7
9,15,17,56
10,10,10,628
4,14,21,230
3,12,12,96
8,20,25,36
1,1,4,34
10,13,25,22
4,14,15,2113
7,23,18,260
7,4,12,1625
2,22,18,453
4,16,17,39908
8,17,24,45674
7,16,20,1097
8,7,4,37
9,6,20,31
10,5,0,93
1,16,16,367
4,11,9,9
9,7,9,18
7,13,21,2885
7,19,17,22
9,14,16,58
4,19,20,370
7,13,15,1171
2,7,11,347
0,18,19,9
10,2,6,28
10,7,2,25
9,13,8,352
10,9,12,143
7,7,18,12
2,2,8,78
6,1,12,180
1,13,13,144
10,17,19,5486
6,7,8,4
6,15,14,384
4,7,14,164
8,5,11,171
4,15,8,144
4,6,13,39
3,1,5,3760
7,19,22,913
6,13,9,6
3,9,20,234
11,11,25,3
7,21,16,453
10,12,20,1510
5,6,0,81
5,12,18,80
1,21,20,35
9,5,18,31
11,18,21,338
6,10,13,2530
1,15,20,11
7,15,16,11
9,11,14,1140
1,10,9,732
7,5,9,1322
5,0,12,1
11,7,3,114
2,5,4,31
9,3,24,26
9,15,22,507
4,19,21,1414
4,13,17,2069
1,11,18,33
6,15,19,937
5,17,22,1502
1,13,16,4
7,13,20,56
5,23,25,76
4,7,19,29
2,15,12,85
11,9,11,4786
11,19,26,9
1,14,8,14
9,21,22,430
1,5,14,588
5,18,16,992
7,10,14,147
4,6,16,9
6,21,19,1849
7,14,17,47
7,6,8,17
6,10,16,165
10,5,5,138
4,14,20,1070
9,19,16,1099
6,5,20,74
3,3,9,66
9,11,19,10461
3,20,17,2926
5,14,10,456
2,3,10,48
0,19,23,16
5,7,25,2
4,23,19,681
7,15,13,370
6,11,22,1625
3,20,16,535
1,23,19,303
9,7,18,12
0,5,5,1
2,20,25,27
7,13,8,383
8,22,18,584
6,10,17,494
2,17,24,50465
9,13,15,1167
1,14,20,328
7,14,16,44
7,7,9,8
11,17,20,104
9,13,21,2947
9,19,17,39
11,5,3,249
2,7,4,24
10,19,23,1536
1,6,16,2
3,2,3,2309
9,16,20,1175
7,6,20,25
6,5,8,2
5,6,2,207
6,14,14,74
10,11,10,191
5,18,17,4062
4,5,14,196
4,14,8,99
8,7,11,296
6,8,12,1581
4,13,16,10
9,4,12,1636
5,1,1,16
1,7,19,4
9,23,18,273
8,2,8,63
4,11,18,125
1,19,21,722
1,13,17,459
0,12,20,1
7,15,17,54
10,7,5,57
4,15,20,26
8,18,24,27495
4,10,9,2207
6,7,20,254
7,21,17,9
5,15,10,147
3,9,8,2717
4,21,20,169
7,14,13,626
9,14,22,2606
10,12,8,106
6,14,19,101
0,17,19,14
8,4,16,19
1,6,13,17
6,16,18,6257
2,14,12,49
6,6,9,18
11,12,14,2
1,15,8,23
5,3,12,31
1,7,14,67
4,13,13,462
6,23,20,142
9,15,13,398
7,11,19,10319
3,5,24,7
10,3,7,952
7,19,16,1010
3,3,18,220
8,15,12,111
10,18,19,3201
1,19,20,79
9,14,17,41
9,6,8,17
3,1,2,1042
4,16,16,2164
1,11,9,6
9,10,14,158
7,21,22,404
1,16,17,12085
9,13,20,52
1,14,15,206
11,17,21,1059
4,1,4,550
3,6,1,304
1,14,21,135
8,3,10,50
7,15,22,491
6,11,13,780
1,13,22,622
5,12,9,2224
7,3,24,16
5,17,16,2031
9,5,9,1377
9,15,16,7
7,11,14,1118
0,21,23,6
2,5,11,185
10,23,26,25
5,18,22,20
1,10,18,7887
10,5,2,27
6,23,21,467
0,15,23,10
1,2,12,2673
7,5,18,26
9,21,16,473
4,15,21,998
11,21,26,9
9,19,22,991
6,7,21,22
4,15,15,1418
6,7,15,1172
6,19,19,2174
6,2,4,157
11,23,27,4
4,21,21,696
6,0,1,73508
6,11,16,29
6,13,18,869
11,13,10,55
6,9,24,9434
8,5,4,62
10,7,0,63
5,12,24,153
2,3,4,80
7,3,9,37
9,5,24,2
7,20,17,2785
11,11,12,73
3,15,13,462
8,6,3,41
4,20,20,147
3,14,17,56
3,6,8,28
9,3,18,186
4,8,10,9998
1,9,13,667
8,19,25,286
3,10,14,118
9,1,2,863
9,6,1,228
8,3,11,4873
6,9,9,17
3,13,20,70
5,22,16,180
10,1,9,9264
2,15,25,53
3,15,16,15
2,5,10,388
3,5,9,1325
11,22,21,131
3,21,16,532
6,4,5,391
2,21,25,82
6,3,20,1051
0,10,11,1
4,22,26,50
6,0,8,193168
10,3,5,227
7,1,5,3308
1,11,24,1127
4,9,17,29352
8,12,17,327
1,9,16,12
3,19,22,872
7,9,20,258
5,7,12,14
1,3,14,2189
11,2,9,47
11,13,11,754
6,5,1,2
3,7,18,9
4,10,24,384
0,8,9,2
8,0,4,3345
9,20,16,469
8,2,1,931
3,13,21,3087
3,19,17,47
10,7,7,246
5,1,8,38
2,12,13,1599
1,6,6,6
3,13,15,1360
8,14,25,20
10,0,2,4367
10,11,11,629
4,20,21,2475
8,7,10,18
3,16,20,746
2,18,18,1965
9,2,3,2164
6,6,24,1
7,12,12,126
1,1,10,13725
3,23,18,337
3,4,12,1633
2,12,16,2360
5,15,11,619
8,4,6,1
9,9,8,2647
11,8,16,32953
10,13,12,24
7,1,0,1858
7,7,24,5
11,22,20,26
10,3,0,177
7,23,24,7721
6,4,0,47
2,22,24,5869
11,6,4,7
3,14,22,2562
8,17,18,1235
7,14,14,61
7,5,8,10
10,6,5,143
7,8,12,1494
6,6,20,11
1,10,8,58
3,16,24,106812
11,18,18,508
6,13,8,129
5,10,10,1818
4,13,14,418
5,15,23,2934
1,7,13,77
5,4,1,677
9,1,12,194
10,17,17,26
11,12,13,670
4,10,20,5987
5,21,23,1642
6,7,9,17
1,6,14,838
1,5,17,18
4,5,16,425
7,10,17,434
0,17,16,1
6,14,16,45
5,5,0,144
7,14,19,93
9,6,18,12
7,16,18,7555
1,18,25,46
3,3,8,16
2,22,20,37
1,23,16,37
5,13,25,55
7,23,20,130
9,11,17,150
8,3,3,725
2,6,4,17
7,6,9,16
11,22,24,2517
3,22,23,2899
4,23,17,10
2,8,16,126201
1,7,16,1
5,9,12,579
7,7,20,284
11,12,16,716
4,13,19,313
5,2,6,99
5,7,2,50
6,15,17,44
8,6,11,21
4,7,17,1
9,3,1,11
1,14,9,217
8,1,16,6744
1,11,21,489
4,19,18,709
4,5,13,1083
6,14,13,713
1,11,15,1100
6,21,17,11
6,21,22,338
3,13,24,2012
3,9,18,5962
9,21,19,1898
4,7,22,109
6,15,22,430
5,17,19,14726
7,11,13,1218
9,15,19,973
6,11,19,9071
4,23,22,360
4,17,25,57
9,11,22,1887
4,4,4,44
1,15,18,23
8,9,10,937
4,12,10,541
9,10,16,180
4,20,24,10496
11,3,4,20
1,21,18,110
9,5,20,85
3,4,2,192
6,19,16,434
2,11,12,173
5,12,20,4267
10,6,0,40
10,12,18,13
7,2,4,162
10,18,16,426
1,3,6,75
2,2,9,279
2,13,11,1808
7,19,19,2189
7,7,15,1285
3,2,10,7391
9,13,9,5
7,7,21,20
0,18,17,9
7,9,24,9931
10,23,25,18
7,13,18,854
10,17,22,553
1,11,20,16
9,15,14,435
9,7,8,3
7,11,16,29
7,0,1,75926
6,11,14,941
11,21,25,23
4,11,8,372
10,14,10,156
6,3,24,26
8,10,12,450
6,5,18,23
11,5,10,83
11,15,25,31
4,14,18,900
2,22,21,245
9,10,13,2172
3,7,1,1
5,5,5,290
7,23,21,580
2,17,21,3945
3,21,19,1747
9,13,24,1679
9,9,18,5793
7,9,9,24
3,15,19,953
4,2,5,2462
8,19,26,29
3,11,22,2147
8,9,11,16006
10,4,9,5
6,3,9,24
1,19,24,17614
10,22,22,3
5,5,7,530
6,20,17,2600
0,15,11,1
5,6,12,526
1,3,13,198
3,5,20,78
9,4,2,195
5,0,0,7400
3,10,16,189
3,13,9,10
2,15,26,3
2,23,27,12
9,2,10,8102
6,9,20,176
6,1,5,3073
8,7,3,221
2,13,10,228
3,15,14,433
3,7,8,3
2,21,26,13
4,22,25,75
8,18,21,1607
1,1,3,2516
8,11,25,6
5,22,19,3
10,14,11,23
5,3,2,217
5,8,9,50737
3,10,13,1906
4,3,17,165
7,0,8,190047
1,3,16,2
11,5,11,56
7,4,5,482
7,3,20,1364
1,9,14,265
5,4,8,810
4,5,6,201
9,16,24,108400
7,6,24,1
6,12,12,103
3,1,12,200
11,17,24,15485
7,5,1,2
5,10,11,5566
2,5,3,896
11,7,4,23
4,2,0,212
2,17,20,435
1,14,24,65
11,20,25,7
6,23,24,8432
7,4,0,101
2,12,14,2
9,3,8,17
11,14,12,21
3,6,18,11
8,1,6,2446
9,22,23,2564
10,5,12,6
10,6,7,249
10,22,17,317
10,8,8,2113
5,2,16,156
3,11,17,176
1,7,6,31
1,2,2,112
4,21,24,9616
3,3,1,8
8,6,10,329
8,23,23,1465
1,20,18,159
6,1,0,831
6,7,24,2
4,15,24,1286
8,18,20,491
8,15,26,4
8,23,27,8
9,3,20,1479
9,4,5,440
9,0,8,179274
7,7,1,3
2,7,3,237
3,23,21,637
11,5,4,9
1,15,24,826
8,13,10,129
4,20,18,667
8,21,26,13
1,21,24,6613
10,12,24,37
2,18,21,909
3,9,24,10840
5,1,9,27165
10,22,16,89
3,13,18,1031
4,2,2,904
4,7,6,142
2,11,25,8
3,0,1,67485
3,11,16,20
3,2,4,122
0,22,17,3
3,7,15,1325
3,19,19,2286
7,2,10,7718
3,7,21,14
5,3,5,496
8,17,21,3369
7,4,2,206
11,3,10,9
6,3,18,159
6,5,24,2
4,4,10,5
1,2,0,10
4,14,24,167
6,6,1,174
2,19,26,31
3,11,13,1598
11,15,12,54
2,9,11,13758
9,9,9,31
7,13,24,1727
10,7,12,5
7,9,18,5529
6,1,2,776
1,5,6,35
6,9,8,946
8,12,14,7
4,9,14,2297
10,1,8,8
5,7,7,703
1,3,17,71
2,1,6,1828
3,7,20,311
11,4,16,5
1,22,25,20
4,1,3,14587
3,23,20,101
2,6,10,370
2,23,23,1365
3,6,9,21
7,22,23,2465
3,14,19,76
2,18,20,180
3,16,18,7586
5,11,11,1851
7,3,8,9
5,0,2,13189
11,18,24,8184
9,4,0,84
5,13,12,147
4,3,13,1239
3,10,17,367
11,2,8,9
0,22,22,1
10,15,11,194
4,19,24,23264
9,5,1,4
6,20,16,189
11,7,11,185
7,16,24,107031
8,5,3,873
8,17,20,789
1,2,5,632
3,14,14,46
3,5,8,8
3,8,12,958
6,2,3,1851
11,22,18,162
5,3,0,369
5,19,23,4666
0,14,10,1
11,17,18,393
1,14,18,201
8,22,20,122
7,3,1,5
2,3,3,706
9,7,20,304
8,6,4,59
1,11,8,36
8,8,16,134488
4,11,20,49
0,18,16,1
9,6,9,22
9,23,20,148
7,11,17,147
2,6,11,24
10,1,1,4
0,23,25,1
2,1,16,8204
5,11,10,518
10,18,17,1559
3,4,0,100
0,17,22,4
10,6,2,57
6,14,22,2632
7,6,18,10
9,16,18,7770
4,3,6,490
9,14,19,58
4,21,18,277
9,10,17,447
6,13,15,731
10,15,10,63
1,20,24,5289
6,13,21,2242
6,19,17,15
11,7,10,10
6,7,18,13
1,4,4,7
1,12,10,101
7,1,12,159
4,15,18,57
11,14,25,8
1,23,22,89
5,7,5,132
3,5,1,4
1,17,25,15
6,23,18,241
11,2,1,223
6,4,12,1608
1,7,22,91
10,3,12,13
6,16,20,1018
9,8,12,1565
11,0,4,301
5,12,8,240
9,14,14,53
9,5,8,9
9,23,21,611
4,11,15,3809
8,13,11,1699
8,2,9,267
7,10,13,2094
3,0,8,174031
1,5,13,818
1,19,18,364
3,4,5,460
6,21,16,196
4,11,21,2827
3,3,20,1653
5,18,19,7818
5,3,7,2585
6,5,9,1022
11,12,17,62
4,14,9,534
1,7,17,2
4,7,16,1
1,13,19,257
6,15,16,9
7,15,14,413
9,0,1,69379
7,7,8,2
9,11,16,26
1,23,17,11
2,10,12,174
4,23,16,169
9,9,24,10156
9,13,18,884
7,13,9,4
6,19,22,964
9,7,21,19
9,2,4,165
8,22,21,409
9,7,15,1304
9,19,19,2244
4,18,25,272
1,5,16,141
11,3,11,1937
7,5,20,97
1,10,20,2432
6,14,17,63
5,5,2,87
6,6,8,10
5,23,26,97
7,10,16,208
4,5,17,30
4,6,14,1205
1,15,9,1
10,18,22,3
4,7,13,360
11,19,25,87
6,15,13,272
7,11,22,1789
10,12,9,769
10,17,16,971
1,13,14,64
3,9,9,29
5,7,0,119
7,15,19,885
6,13,20,31
9,11,13,1193
2,9,10,1166
6,10,14,182
4,10,8,411
7,21,19,1870
11,6,3,6
8,11,12,296
4,18,19,6619
9,19,25,239
5,11,21,2802
5,11,15,4088
8,1,2,714
3,3,10,62
1,9,12,73
9,3,11,5635
8,6,1,196
5,14,9,592
2,20,17,2379
0,19,20,3
7,3,4,148
4,3,7,2433
1,7,2,15
2,3,9,44
1,2,6,15
0,16,17,18
10,1,4,89
1,13,25,24
5,23,16,323
8,5,24,4
9,6,3,28
6,17,21,3147
5,18,25,227
10,16,16,1728
1,5,0,8
0,14,15,2
8,3,18,134
3,15,12,93
11,11,13,473
5,5,17,38
4,23,26,98
5,6,14,1324
9,12,17,294
1,21,23,367
4,5,2,50
7,21,25,88
1,15,23,2045
1,10,10,377
3,5,4,52
11,23,21,286
7,5,10,371
7,15,25,46
1,4,1,185
0,10,18,6
5,7,13,423
6,21,26,16
10,21,21,330
11,7,21,7
11,7,15,857
4,7,0,53
11,19,19,918
11,2,4,20
10,15,21,342
2,9,20,188
6,23,27,19
11,0,1,16132
11,11,16,8
6,15,26,2
11,13,18,343
6,13,10,118
5,10,8,794
10,15,15,602
11,9,24,2712
2,1,5,3077
9,14,25,22
3,7,11,372
7,12,13,1979
9,7,10,20
4,19,23,4286
1,5,5,74
0,23,19,8
8,2,3,1997
3,2,8,79
11,10,17,102
6,17,20,727
0,14,20,2
6,5,3,861
10,13,16,5
3,22,18,489
11,5,8,1
2,12,12,65
11,14,14,20
10,11,18,48
5,11,20,69
11,8,12,211
9,0,4,2205
8,20,16,303
5,3,6,569
9,2,1,1156
0,19,21,6
0,13,17,4
7,18,18,2552
4,11,10,321
10,5,14,78
10,14,8,70
2,1,0,1304
2,7,24,5
3,4,16,14
1,12,20,2350
7,12,16,2931
10,21,20,31
5,21,18,342
11,7,20,133
9,17,18,1633
4,7,5,101
10,15,20,11
5,15,18,53
10,10,9,893
1,17,19,4964
3,18,24,28677
11,14,19,18
10,13,13,306
11,16,18,1143
7,22,24,6114
11,6,9,8
6,12,14,6
2,23,24,8842
8,9,8,1896
4,12,8,129
11,23,20,59
0,15,8,2
11,5,1,1
8,16,20,1430
2,7,9,9
1,8,9,14709
7,7,4,44
4,7,7,597
1,3,2,26
5,9,14,2386
2,14,16,58
3,7,10,25
3,14,25,33
7,17,24,50159
9,7,11,326
5,3,16,5
8,4,12,1532
2,13,8,239
8,23,18,222
7,20,25,35
1,22,19,2
9,2,8,71
10,10,24,105
3,0,4,1522
8,7,18,12
5,1,3,13305
9,22,18,505
11,6,24,1
4,0,2,14002
8,13,15,1000
4,11,11,1534
10,20,21,1277
3,2,1,1268
8,19,17,28
8,13,21,2480
2,6,20,21
0,1,10,1
2,14,13,589
1,0,0,614
8,14,22,2569
5,3,13,1560
2,21,17,18
4,13,12,100
9,4,16,23
6,8,16,144682
1,6,12,95
3,17,18,2020
1,5,7,121
2,15,17,53
5,19,24,25315
6,22,20,83
11,4,0,17
9,18,24,27048
7,14,12,87
6,6,4,30
4,3,0,158
3,4,6,1
8,10,14,187
3,19,25,246
6,11,12,267
2,19,16,791
10,8,10,2821
8,13,20,53
2,11,19,10577
3,3,11,5605
5,20,18,765
9,3,10,68
10,20,20,24
1,2,16,60
8,15,13,311
3,6,3,27
2,15,22,547
5,2,2,944
0,9,13,1
5,7,6,189
4,1,9,27514
9,15,12,86
2,21,22,326
11,9,9,6
8,6,8,21
8,14,17,61
8,19,22,1039
2,5,18,27
10,22,26,15
3,12,17,285
4,3,5,401
6,22,21,389
11,4,5,145
7,5,11,184
11,3,20,365
2,11,14,950
5,14,24,115
5,4,10,7
9,5,4,43
11,0,8,45451
1,10,11,726
2,3,24,40
8,5,9,1182
0,3,14,1
8,15,16,9
0,11,24,1
6,2,9,384
6,13,11,1810
10,9,17,11716
1,4,8,150
8,21,16,347
3,22,24,5481
10,9,16,17
2,14,22,2572
8,14,13,615
6,1,16,7902
10,3,14,567
11,22,23,968
8,21,17,13
5,5,6,232
4,4,8,1006
10,11,24,1493
9,14,12,68
11,3,8,5
0,9,17,5
7,18,24,28047
6,6,11,20
8,15,17,47
6,3,3,594
5,2,0,368
4,10,11,4505
1,3,5,73
7,4,16,20
3,12,16,3100
8,7,9,7
2,16,20,560
3,18,18,2516
8,14,16,43
10,9,13,1538
11,16,24,23578
7,22,18,493
2,4,12,1496
2,23,18,306
1,1,9,9677
8,13,8,226
4,2,16,174
7,2,8,76
9,20,25,38
2,7,18,17
5,21,24,11189
7,7,11,320
9,17,24,50206
2,13,15,973
3,12,13,2338
2,13,21,2739
2,19,17,37
5,15,24,1512
9,7,4,33
8,6,20,13
8,5,18,16
2,19,22,870
1,3,0,9
11,2,10,1856
8,11,14,1013
5,2,5,1854
8,3,24,18
6,10,12,297
4,6,12,473
2,5,9,955
7,5,4,39
4,5,7,398
2,15,16,9
3,5,10,401
3,15,25,54
9,5,11,162
1,13,12,14
4,0,0,4611
3,21,25,96
2,21,16,309
2,10,14,115
1,0,2,2594
8,19,16,750
7,15,12,101
1,11,11,339
2,13,20,44
5,22,25,67
8,11,19,9376
0,20,21,1
6,9,10,780
11,9,18,1646
11,13,24,670
10,1,10,1817
7,3,10,60
8,15,22,453
2,15,13,422
11,4,2,35
4,22,19,9
3,3,4,114
10,6,6,15
8,21,22,416
5,3,17,179
4,8,9,59763
1,7,7,202
4,3,2,117
2,14,17,60
2,6,8,19
10,6,13,20
11,7,8,1
11,15,14,245
1,12,8,13
4,17,19,13965
11,13,9,2
10,7,14,72
6,11,25,3
10,15,8,149
5,7,22,120
9,15,25,46
3,5,11,186
5,12,10,597
5,4,4,32
9,5,10,368
6,18,21,1554
5,17,25,74
1,7,5,46
11,10,13,619
5,23,22,395
4,12,20,3793
8,9,20,192
9,21,25,111
7,12,17,316
6,7,3,228
0,10,9,1
8,1,5,3001
5,20,24,11341
1,11,10,105
11,15,19,603
10,6,16,6
2,1,2,866
6,9,11,14280
7,6,3,33
6,19,26,40
10,19,21,658
10,13,17,991
2,6,1,222
8,20,17,2623
11,21,19,666
0,5,14,1
8,3,9,35
10,7,19,7
9,3,4,168
2,5,24,1
11,10,16,30
7,3,11,5296
5,11,8,762
11,5,20,23
10,23,19,217
1,19,23,1551
4,5,5,260
10,14,20,478
7,19,25,252
5,14,18,946
2,3,18,227
11,11,22,858
11,11,17,51
6,18,20,407
8,7,24,3
8,1,0,1466
0,21,21,8
9,22,24,5987
0,15,21,2
11,6,18,4
6,6,10,329
1,7,0,12
0,15,15,5
3,14,12,68
6,23,23,1474
4,4,1,820
5,13,14,487
4,15,23,2480
10,13,22,85
7,17,18,1588
4,10,10,1755
9,12,16,2900
10,2,12,1556
8,23,24,8148
5,5,16,635
2,9,8,1606
6,1,6,2110
1,23,26,55
4,21,23,1278
1,5,2,14
5,10,20,5278
10,10,18,5464
10,16,17,14045
7,2,1,1100
9,18,18,2391
4,5,0,84
2,2,3,1647
10,11,9,2
10,14,21,63
5,23,17,14
7,0,4,2429
0,16,16,3
4,13,25,44
10,14,15,1192
5,7,17,13
4,2,6,116
1,3,7,806
4,7,2,36
4,9,12,602
8,12,12,144
5,13,19,280
3,20,25,40
2,20,16,304
3,7,4,31
1,18,19,802
9,12,13,2024
7,7,10,15
7,14,25,22
10,19,20,81
11,1,12,22
3,17,24,53962
5,19,18,888
5,5,13,1573
